A,B,main_number,secondary_number,frequency
19135.831718254838,7441702.047464889,3,3,8.867002572456778
5479.785477654988,1337038.7764479965,3,6,8.816791571300113
9662.050081931146,3542545.889603827,2,5,8.059730870698722
10490.384225824024,2182839.40637628,2,4,8.129569489460458
19730.59467329554,2468138.3697203356,2,5,8.713204927028317
4702.773588587222,5164545.222679,4,2,8.362236208092849
15086.29815086972,2180970.304292253,2,6,8.166448113634043
34819.01029430233,4440531.487990188,4,8,8.478233832545431
10368.868040795352,2179517.4664708357,2,4,8.128335570220608
25926.803739521685,4721878.082163205,2,6,8.760359604286073
10532.363845632673,2488336.6074384456,2,4,8.084458834687412
2912.59614723931,1423814.7957296083,3,4,8.173214379000006
12484.177904652204,2544333.844705969,2,4,8.104768150081712
22688.753111660895,10819232.567833662,2,5,9.234333016152545
6584.422305080924,2658206.864438898,2,3,8.127396137694525
12963.942119218364,7276065.153161395,2,3,8.177617919759868
33956.4967558241,8489640.945873829,4,8,8.73524476684384
5226.447407922662,907894.3426186277,2,2,8.125622597509878
16920.701606789433,3416835.4046347304,4,8,7.97609142556081
12504.824445439448,4775415.180656562,5,4,8.200667435355099
4613.043528762533,3941117.7701727757,3,5,8.18709861160786
4600.638384418421,5906339.274895848,3,4,8.237080305520218
28345.689151827355,5059541.0459126225,2,4,9.278502132422886
10699.822264800761,4244140.8420580495,2,3,7.993410523778611
23775.119848977658,12667417.26493799,3,5,9.364083871676383
7350.94267748938,2433101.9458792885,2,6,8.622107772752354
24994.76907366436,8735698.57333384,2,6,8.64368394327385
15707.927900549568,8615475.355432773,3,4,8.369140088528436
10876.71847159557,2449150.9383890866,2,6,8.139437764259181
7988.490910594679,2414791.7661640467,2,2,8.216230884852878
2454.4262073455975,3873812.5101179415,3,4,8.237322983050365
6699.715114987814,856172.2833355884,2,2,8.228384755026186
11172.769567973291,2740550.6992133255,2,4,8.156830085353725
26152.726513573383,7899600.670782022,2,5,9.42895382730924
20455.696212787625,10027498.613992821,2,5,9.342692399915384
12775.684482453358,1953608.333972706,2,6,8.176785179568618
17060.00046164552,2732084.327938203,2,5,8.987057190568054
20174.405309264876,3226637.375174366,2,6,8.812125143306465
14034.312256417103,5047280.542070043,5,4,8.175513306412595
25509.65524411155,8729314.025884496,2,6,8.758845881779575
26384.525667090922,4769231.875742224,4,8,9.109576545601755
22489.418276855416,2368973.796578899,2,6,8.780056626374856
11920.699368961225,2558979.6421389813,2,4,8.068280255733995
21418.13834537322,8254070.12612096,2,4,8.925821346761165
34729.052926610726,6275429.253236524,4,8,8.842151954033378
11259.648628061483,2139157.597855668,2,4,8.147749892169786
29844.574460965705,3646195.986090862,4,8,9.285811815838976
8263.196149246529,1005477.4745318377,3,2,8.17136067349152
11889.320105122335,3002560.192009191,2,5,7.993515057225709
7924.916468645573,2568982.452302867,2,6,8.157725721827939
9248.602242741212,6836692.019754261,3,3,8.271830125210844
6861.543239638997,6270284.6904587615,4,2,8.429409491819158
21526.242052489433,2252025.6932160677,2,6,8.88342318693375
22373.729001408825,8129718.095624735,2,3,8.19107857009285
3935.8398110687867,1929517.416023258,2,3,8.227337552956051
7395.829499298994,1794659.6283398787,2,4,8.105751860931484
13264.668378733246,6357545.722969402,5,4,8.1168658933005
34068.2895685586,5732845.0129217375,2,6,8.854878819872063
5973.165141447966,1412942.2305151047,2,2,8.22402835659418
7228.746322714907,1870118.5478222752,3,4,8.198648122032308
10339.642658806468,2679431.1481193546,2,4,8.108829703187574
9326.672676119088,2559845.590434327,2,4,8.132474517648346
3646.6151867455083,3237993.122597861,4,2,8.297014863146304
21998.725870365917,7934143.592679121,2,6,9.561296436234796
7099.347745892621,5881516.215407301,4,2,8.2697325300862
7947.550131359392,3425925.91231515,2,5,8.193309037062898
6795.11555466985,3105785.2417074386,2,2,8.30161345200948
5503.287825214893,2672984.0391934146,2,3,8.064239279559045
26339.445477811776,4624279.883332379,2,3,8.823574784460389
10704.492247021168,2296391.1684248974,2,4,8.185053021169196
3923.0266027659873,1599739.5346877596,2,2,8.305480522755671
9865.855756694853,2307778.460807528,2,4,8.067832765194407
10428.314042357184,2257386.0177762504,2,4,8.147005796218016
26927.06015105057,4069957.205542336,5,4,8.887102518898777
17550.710813846992,2230583.6498546344,3,6,8.787210473100583
15354.736660802586,9545254.152553264,3,5,8.377470233619533
7706.309769302826,1710740.564135557,2,5,8.137430994125646
21437.33016272112,8598432.396313135,3,5,9.835954611275495
20756.04910764822,1907802.0609126238,2,6,8.839954994831906
6563.05641803771,566268.6879950082,2,2,8.308334334360753
24825.503435926505,3994794.435984824,3,5,8.837376102171671
8956.169829775148,820034.1948470296,2,2,8.24098621673219
27135.494548383034,2435457.84785996,2,6,8.780954018986996
10121.42439802963,2481890.236255775,2,5,8.250731714194348
22353.9514949065,3586913.6518167937,2,5,9.31879828326529
8706.485855287545,1612085.172706252,3,2,8.296643488409194
10628.289507426984,3299958.4917189716,3,4,8.218119677533766
26068.237540801987,4089192.9325447185,2,6,8.91251573420971
8120.6694498412835,1504755.678882529,3,4,8.22037252186888
7999.82461998967,1600463.1723063407,3,4,8.216389546093541
14184.308021788698,3086005.1528785424,5,4,8.325548767793542
22755.877434985057,8520402.056293111,3,4,8.980947583058848
34318.07593350786,9414511.960684935,4,8,8.382874776074125
11215.762898238476,6539571.649221303,5,4,8.734589422691666
13091.554615048697,5193195.649869883,5,4,8.117205173585623
12462.011485853385,2036468.3529582182,2,6,8.13158003120693
28987.731206667373,7073872.669789159,4,8,8.471575755912102
5535.136469429301,2218610.703665909,2,3,8.465364454346489
26780.734741248933,8348927.516826,2,6,8.98198169314746
17650.477195542222,3346667.378914913,2,6,8.660187091169265
13185.16747821642,1991569.7401979615,2,5,8.082094152913042
23584.337512885737,5916502.106155332,2,4,8.873413028940432
19943.748792876853,6599047.158998546,5,4,9.008460955730198
23037.93751555711,11373326.136884227,2,5,9.073824384452076
24297.24974297227,7572461.156965304,2,4,8.785337425170676
20139.797564528846,6977379.427511479,3,4,9.088302130860203
12472.776683104885,5158807.717759128,5,4,8.151318788125389
25527.878413615545,5879318.743967654,4,2,8.317314957129746
9561.780702143085,2888157.752950915,2,4,9.194047152676061
22599.360227741407,12922520.590961069,2,5,8.829109439253255
10838.613736873163,2018658.4926795207,2,5,8.074215579123074
25817.29732265322,6885810.543788076,2,6,8.796822134648563
4392.790686591675,10340252.374884924,3,5,8.313266293292969
11153.632222895036,3354138.8118467825,5,4,8.130509214647217
9935.967981471083,1891328.7553611419,5,4,8.01080142691157
24458.550218511264,7334231.993060099,2,5,9.315287346321172
23224.465701455134,2392202.0602567024,3,6,8.5524251055469
4838.6934974906535,2353007.336330884,2,3,8.433762917489558
22178.28162140923,7228927.547290127,5,4,9.040012120888317
7037.527124381666,1931948.5456851611,2,3,8.056489633101819
10795.453148455279,2934748.4831847493,2,4,8.131172659911844
10599.428770009557,2204050.927098167,2,4,8.113440963726605
7161.6484300816755,4254835.0614518635,4,2,8.304060125931207
8417.55862626819,3027217.5787510006,2,4,8.147419424680795
20014.493873892836,6358367.138491488,2,3,8.599250806925607
10393.424750815007,2667090.6803658623,2,5,8.099883651642788
11790.602490019059,2304225.1867449405,2,4,8.16964071597297
28427.282135329144,4735998.72515323,4,8,9.086403361242866
32165.605551106495,11023581.17686309,4,8,8.78903309677322
25367.827618573967,5266716.492640873,5,4,8.901986512955327
7788.757489810323,2581730.13958648,2,3,8.090701319882914
8709.45254436102,1983528.4861046867,2,2,8.315120049717635
9527.50397055146,1739862.8321662736,2,4,8.10077657173129
4549.162504729282,916628.9868564177,2,2,8.217322235058132
24982.913968094086,2450551.0644538696,2,6,8.890890543126629
21173.821496951157,7621762.4748758655,5,4,8.919990936854266
9843.454594296763,3088936.4724774393,2,4,8.149130745617917
25177.638542483714,4801388.039196084,4,8,9.432272928057575
4537.871738190676,339944.0437324047,2,2,8.211250039217255
12233.879804589076,2286540.7280672607,2,6,8.148854927357696
10240.293829781755,2065844.109576473,2,4,8.14654414667248
9303.881342619137,1777451.028826151,2,4,8.209465359378001
32153.214597792783,1371251.8314169152,2,6,8.812966487162326
11976.487480557253,3143604.6652442347,2,4,8.137452341867071
3578.2723785692006,4057330.2794442335,4,2,8.22689600885612
5409.599758636984,1015767.1635436574,3,2,8.153090566163009
30101.21384467458,4857924.217214281,4,8,8.62221566934086
28490.839117494776,6087322.718515443,4,8,8.971233169172613
7465.039710445078,1539583.8894405118,2,2,8.155344684031562
9833.288994689272,3631178.920355815,5,4,8.215387212132018
19505.224851494004,6993093.555942143,3,4,8.358026946507392
22590.297573094707,10871115.835028796,3,4,9.00334045049304
24346.166529189977,1975034.7593091158,2,6,8.894067678550506
6785.067994505907,1374626.08781595,3,2,8.185585769740584
9859.222527494145,4420359.297981143,4,4,8.526376225236692
12442.37100432345,4468572.121787719,5,4,8.14957426050649
24040.043106524005,5999722.214307466,2,4,9.036177868770473
29088.052223023264,5399896.844710868,4,8,8.95459672901337
24766.922042606202,3256420.956272222,2,5,9.448601508681831
6587.211240639412,2383896.2292945427,2,3,8.497397388486323
9559.814197060497,738113.1754954485,2,2,8.084201029485703
26122.94476334929,6794017.330745919,2,4,8.906469042692057
21177.731839549855,6494092.597171115,5,4,8.856482083924968
21343.1939677556,5643230.779765403,4,8,9.006740792828731
7765.186775513885,931389.9902784578,2,2,8.229193945307474
10321.004567830549,6950714.432380493,2,3,8.758692308145596
23070.22803775976,2399027.5724606407,2,6,8.974672638000676
14097.370315859323,3178190.279398875,5,4,8.175470117837726
7121.524633347972,541853.9892792655,3,2,8.134835539103275
9274.591643988597,2719704.995869252,2,4,8.187250000132241
1035.0156788614895,4127330.4340093564,4,2,8.316480145090397
10364.868963092364,1664344.5391055155,2,5,8.235881625098951
3351.5687075142478,2428164.6875746637,3,4,8.336746920992507
5726.1326212846,1037173.758340972,2,2,8.22374044031869
1763.6905760312384,526064.5127195208,3,2,8.213565799255944
9358.255865114297,2297984.3729695627,2,4,8.168322317755795
10943.855835336848,5385162.29707928,5,4,8.124670085936962
5260.967482367139,1439415.291973335,3,2,8.053056377125593
17669.85632125884,9700650.56897646,2,5,8.3861299228758
7090.946969494942,1862480.927826829,2,3,8.182859442067896
5026.70544129624,850676.2730332052,2,2,8.325755092137275
9834.615309378034,3289921.604630322,5,4,8.070595366560623
27242.50567008203,3016903.7507793894,2,5,8.928955949059945
16023.08376457372,8463121.078232452,3,5,8.789732807951772
4306.790886829128,2116296.2913690303,2,3,8.1787573660755
23158.523937459588,3287349.928061197,2,6,8.88723310402225
17545.02650957961,1679938.4841890053,3,6,8.779659116152075
21735.55677111469,9271973.248103382,2,5,9.554963253658169
1984.1621917590037,820128.0357909612,3,2,8.226588374942864
10721.062981963454,1524172.6095906496,2,3,8.62789257712838
17840.53462301105,2273249.4826085335,3,6,8.808318823985434
7856.30788478099,2380106.7814789615,3,4,8.265077577798822
22751.923174462336,2449831.115551638,3,6,9.304032893043876
12702.63847009561,3284556.714002426,2,5,8.076406197868891
12994.42214682578,2504202.1748390477,2,6,8.15643715954229
11063.661757850707,5492610.502703616,5,4,8.139303507204549
28812.056706541236,5802217.925414673,2,6,8.758132945162092
23768.84771749251,8488611.77727788,2,5,8.245156095507998
8023.161391859532,556386.7054238671,3,2,8.225065006050462
26060.89550139112,6041967.457190973,2,6,9.29471326150987
22017.3355736817,2683112.841152934,2,4,9.327681406969804
27170.52710176967,7975426.104707937,2,6,8.805914124116606
20194.05614427683,7859400.432023868,2,3,8.784443767759674
20912.008981364375,3185466.6971958457,2,5,8.922112464554937
7666.617537593493,906027.3209706221,2,2,8.198646403166086
35342.55176575453,5618122.756546603,4,8,8.715221137800569
27026.50911796528,2438559.350076358,2,6,9.177310545519706
11202.555139089756,4588807.933083078,5,4,8.097145229819187
28465.459955140755,5719385.898638964,2,6,8.860550591227359
12185.642585397189,4666932.9511517305,5,4,8.126834616662801
13722.345650831809,4977900.043195006,5,4,8.063303548572216
6514.828385626043,9168881.901720187,3,3,8.325927692729822
37658.70162223872,491867.549867874,4,8,8.353850273474407
21620.82829226302,3383745.6474266346,3,6,9.324106177440822
27888.06312165647,7769432.616311168,2,6,9.099664417024925
24626.73644971413,10819013.77657384,2,5,9.72046158331703
23906.36276412163,12335808.613425024,2,5,9.2027761631567
10868.042412260316,4061743.8848234974,5,4,8.142908748730727
10566.952447048225,3245541.3677417887,2,5,8.110972581145367
25662.84166412266,7341538.968709219,2,3,8.865946720516703
11221.929417639312,3010991.2991560125,2,4,8.082101959945724
8392.011685993812,6188740.158072549,2,3,8.156493834724897
20947.272585792656,9360576.72885887,2,4,9.34739226046248
3201.0037890610056,2590143.0986128896,3,2,8.231238332642832
10288.251359586251,6904670.100033934,5,4,8.235860928630581
8837.327931657932,8305978.883559957,2,5,8.180327620647901
28193.01095998735,1991949.5869484926,4,8,8.368541887661554
6783.925415421581,1108416.3865066876,3,2,8.10036019390695
9920.983595168198,2574356.1890356964,2,4,8.150837008883919
6795.3847486949535,1194914.8372604318,3,6,8.755711436427141
31400.86193386652,4988682.947395592,2,6,8.909165007859448
21158.36533191197,3043737.12605064,2,4,9.576442721357608
6879.310899880001,3866193.5065729683,4,2,8.311994306608984
23157.03356711038,5130576.589907018,3,6,8.731810526202194
10890.962093625807,3813405.3357207156,5,4,8.105973738943726
29934.402283049007,6804981.094295815,2,6,8.747237055912148
6874.2934223565535,2584128.70526045,2,3,8.766803246691095
10352.322942544713,1879792.191693996,2,5,8.122662174014595
10454.383130243621,2122573.999685336,2,4,8.111413785663395
23986.33979234062,8299920.702268636,2,6,8.950220510606513
15118.179650398259,1460129.588486174,3,6,8.647995091786488
21376.234967715878,2987195.3604756016,3,6,9.443421331710352
21615.354429508694,3595348.5952286185,2,5,8.774092383654017
34057.11836285553,6491051.880394883,4,8,8.794546994044644
20080.60896121984,9039124.118793406,2,5,8.80207857391963
5326.907627046377,619651.7910050966,3,2,8.133079566803152
3152.0882436550683,6493005.942764789,4,2,8.449851294610578
10965.395149562504,2861387.4694841066,2,4,8.137500812245795
26375.017524164592,9361484.06015826,2,3,9.463820986982993
19294.112897854848,2918231.1196051887,2,3,8.794814486849699
9931.060825427567,2513001.799504051,2,4,8.13924606327242
7870.733479835735,4746901.004888228,4,2,8.248147162108761
5596.712252565043,717115.8216448138,2,4,8.177435148015213
24228.36575846865,6751523.349359245,2,5,8.191461471245637
27456.770741395158,9411122.061706506,2,5,9.134886689074177
9174.035925079785,1449801.713882704,3,2,8.523358177408339
29892.483343094565,5577046.783770512,2,6,8.998676241419219
26273.652291693284,3841416.0756662544,4,8,9.227186944266546
11186.229482874493,2648347.781418855,2,4,8.114099376052
35228.19608102892,9100329.228860112,4,8,8.641311556361062
18665.131956510028,6095315.000444534,3,5,9.110069416771479
26660.749991400604,2469220.8751751278,2,6,8.839543060057903
22070.39599675375,8890875.591586651,3,4,9.475954989333642
9401.015413187442,5735410.423893329,5,4,8.151669049368836
9890.952598149877,3124307.4260042235,2,4,9.259820591535812
21176.47563971176,2671762.6904552267,2,3,8.548792734122475
7869.283250437005,3045314.7162589976,2,5,8.142543236156277
22235.49486449292,8376196.312108479,2,5,9.429997942674927
21595.468197227972,8920045.534223875,2,5,9.56427785099125
21480.974695042445,2283850.5361674153,3,4,9.071033062069453
24904.099345327963,8643996.51067264,2,5,9.155649845906478
8518.504462867348,2469376.2143980386,2,4,8.128578577509263
12346.638772323171,2222487.721607627,2,4,8.134759356643919
13289.629287887896,4529730.196285395,5,4,8.098289087888466
6479.011052355831,4241347.646591363,4,2,8.37881881980971
11243.814090707492,2984321.2307349877,2,5,8.150651276526158
11874.990223498737,5000871.1530167395,5,4,8.173743599670605
20561.194567047663,2822273.5017031496,2,6,8.905018906555268
8716.161884967636,2267641.443630369,4,2,8.207879235131719
30408.231889122573,4144146.6066725003,4,8,8.661628423489324
8190.527222169976,2003332.820558698,3,4,8.17852462620144
33928.60687620439,9463109.110608794,4,8,8.899487284134787
9984.086947573373,2944270.683118025,2,5,8.055985828052993
23408.02827082411,3971426.388400956,3,6,8.871030982075144
8773.134022982013,2352395.37921068,2,5,8.145321142439252
8914.70647229748,2789344.3308510864,2,4,8.123993487429841
22697.689550470066,12077526.28984595,2,4,8.977154857112437
14277.251745522593,2184191.099595394,2,6,8.154540547299412
5639.382496588591,1782069.6558125054,2,3,8.008582712740854
6659.088609094531,653321.8036487952,3,3,8.158319297447651
31369.83940590056,4629093.233203696,4,8,8.989874231296758
10232.449414408378,2534021.152858994,2,4,8.071049303879047
27308.979391246743,5732031.225599087,4,8,8.922762146727422
10263.564157729546,1586233.4620775532,2,4,8.164331395830905
9066.194021224854,3806615.0140606044,3,4,8.495238330112857
21303.127782361476,8919053.235444942,2,4,9.397192185702535
5433.902424306441,1169419.2561250909,2,2,8.321652847456066
6425.53031811783,2233831.040802655,2,3,8.167310336296918
20453.228396989616,8658812.86664536,2,5,9.521267311087582
9259.729890519367,2009274.6048544864,2,4,8.195540951878895
5208.083247905398,1331807.9996060084,2,2,8.310510575635613
5517.547417287492,695396.3056621375,3,2,8.180511701121636
26910.93256402202,10529750.792677455,2,5,9.165125232648293
3216.217097108255,2354118.8775164215,2,2,8.00959289495487
9621.281127532913,2441349.3180647413,2,4,8.148749410818045
21257.20456522223,2948393.3105491586,2,5,8.954569445837702
9197.829044916012,7537742.534458725,2,3,8.730475786475193
14842.074221701594,4848991.252289252,5,4,8.140750108316242
26225.439173666135,6252700.509356992,2,6,9.069984762737999
6723.954541425977,2517422.445706494,2,3,8.591554020800844
8896.494748738081,1808595.303611014,2,4,8.095427072575992
24333.252907015056,6029302.7888419125,2,4,8.266122945245664
11110.135756178172,4563216.638610978,2,3,8.092025374489
10928.54131247262,4518342.033136818,4,8,8.303292107845843
24784.108707042895,2764958.78774937,2,6,8.631181106956571
10227.298514925664,7468989.201792055,2,5,8.16754163509754
24565.773744535563,9594131.391704326,2,5,9.699665883196632
5402.454580084965,614137.6027085432,2,2,8.32207609686613
10471.184349217023,2262514.307323184,2,4,8.831079777624032
20814.22798425701,10235213.45248852,3,5,9.24423682804007
